url_path,views_total,views_unique
/abhinav12k/Typster,6,6
/abhinav12k/Typster/tree/main/src/jvmMain/kotlin/game,2,1
/abhinav12k/Typster/blob/main/src/jvmMain/kotlin/game/GameConfig.kt,1,1
/abhinav12k/Typster/blob/main/src/jvmMain/kotlin/game/GameState.kt,1,1
/abhinav12k/Typster/blob/main/src/jvmMain/kotlin/game/GameStats.kt,1,1
/abhinav12k/Typster/blob/main/src/jvmMain/kotlin/ui/menu/FooterSection.kt,1,1
/abhinav12k/Typster/blob/main/src/jvmMain/kotlin/ui/menu/GameMenu.kt,1,1
/abhinav12k/Typster/blob/main/src/jvmMain/kotlin/ui/menu/GameStats.kt,1,1
/abhinav12k/Typster/blob/main/src/jvmMain/kotlin/ui/theme/Colors.kt,1,1
/abhinav12k/Typster/pulls,1,1
